neighborhood_id,neighborhood_name,hi_mean
1,OASIS,0.2494287161768528
2,LA QUININA,0.21748900217505743
3,ONDAS DEL CARIBE,0.28674999999999995
4,PANTANO,0.2565
5,8 DE DICIEMBRE,0.32533333333333336
6,LA COQUERA,0.27475
7,SAN JACINTO,0.2588333333333333
8,NUEVA BETHEL,0.2710000000000001
